LeagueIndex,Age,HoursPerWeek,TotalHours,APM,SelectByHotkeys,AssignToHotkeys,UniqueHotkeys,MinimapAttacks,MinimapRightClicks,NumberOfPACs,GapBetweenPACs,ActionsInPAC,TotalMapExplored,WorkersMade,UniqueUnitsMade,ComplexUnitsMade,ComplexAbilitiesUsed
1,19,28,100,86.1144,0.001083221,0.00014941,0,3.74E-05,0.000361074,0.002415459,48.2487,6.4175,13,0.00057274,5,0,0.00043578
2,24,24,303,72.069,0.00149251,0.000111243,0,4.64E-05,0.000213216,0.003031371,68.1227,4.1529,31,0.0010753,9,0.000222486,0.00046351
3,17,6,1100,159.2238,0.003570117,0.00087244,4,0.000241069,0.000700248,0.004832859,17.9333,5.323,21,0.0012398,7,0,4.59E-05
